Power,Clock,Temperature
17.611419,3024.855194091797,30.625
2.32407,2766.2278594970703,30.75
13.963266,3032.7036895751953,30.75
1.742832,2740.6790161132812,30.75
2.20813,2803.7737884521484,30.75
1.754688,2604.395980834961,30.75
13.087437,2995.727005004883,30.75
1.169496,2615.1221313476562,31.125
1.754688,2022.9708251953125,31.5
1.111548,2592.1300506591797,31.625
2.32407,2424.8428649902344,31.5
10.240011,2604.255813598633,31.5
1.161594,2684.7861938476562,31.5
2.32407,2394.5550842285156,31.375
1.458288,2013.8479309082031,31.375
1.458288,2493.125457763672,31.25
9.348372,2905.2372436523438,31.25
9.471829,2757.7699432373047,31.25
7.47813,2621.2682495117188,31.25
1.742832,2595.0406188964844,31.125
2.32407,2571.2566986083984,31.125
2.35569,2504.9015197753906,31.125
4.094568,2705.2515716552734,31.0
2.32407,2449.121124267578,31.0
1.742832,2631.133743286133,31.0
57.469532,4585.602935791016,31.875
53.2491,4517.893341064453,43.375
53.007972,4495.213439941406,51.25
53.007972,4491.602600097656,56.5
53.007972,4484.6795654296875,60.125
51.901577,4471.038970947266,62.5
52.766844,4466.6495361328125,64.125
51.901577,4463.413543701172,65.25
51.901577,4461.650177001953,66.125
51.901577,4459.907012939453,66.75
52.766844,4456.8851318359375,67.25
52.766844,4455.326690673828,67.75
52.525716,4451.087951660156,68.125
50.80309,4446.180206298828,68.5
52.525716,4442.022521972656,68.75
51.664403,4439.7974853515625,69.0
52.525716,4439.0218505859375,69.25
52.525716,4437.809478759766,69.5
51.664403,4436.600738525391,69.625
51.150526,4435.380645751953,69.875
51.664403,4434.851593017578,70.125
52.2444,4434.248382568359,70.25
51.664403,4433.3538818359375,70.375
50.29778,4432.613739013672,70.625
52.525716,4431.668762207031,70.75
50.29778,4430.635986328125,71.0
50.29778,4430.5640869140625,71.125
51.664403,4429.174011230469,71.25
51.664403,4427.850891113281,71.625
52.525716,4426.011566162109,72.0
51.3877,4423.635345458984,72.0
51.3877,4422.3428955078125,72.125
51.3877,4419.075408935547,72.125
51.3877,4417.603424072266,72.25
50.531,4415.054290771484,72.375
49.445034,4413.727752685547,72.5
51.3877,4412.533477783203,72.625
50.531,4411.7679443359375,72.75
51.3877,4411.567687988281,72.75
51.3877,4410.417724609375,72.875
50.06456,4409.608428955078,73.0
51.3877,4409.4200439453125,73.125
51.3877,4408.64892578125,73.25
51.3877,4408.235809326172,73.375
52.003272,4408.072814941406,73.5
51.3877,4407.174530029297,73.625
51.3877,4406.811767578125,73.75
51.3877,4405.991516113281,73.75
51.150526,4404.709716796875,73.875
51.3877,4403.898132324219,74.0
51.150526,4400.929260253906,74.125
50.06456,4400.590270996094,74.25
51.3877,4398.930236816406,74.375
50.06456,4396.2039794921875,74.375
50.29778,4396.089599609375,74.5
51.150526,4396.4228515625,74.625
51.150526,4393.598358154297,74.625
50.29778,4392.557525634766,74.75
50.29778,4391.78955078125,74.875
50.29778,4390.592468261719,74.875
51.150526,4389.6051025390625,75.0
50.29778,4389.219970703125,75.125
51.150526,4389.037445068359,75.25
50.29778,4388.371520996094,75.25
48.986502,4388.208557128906,75.375
49.445034,4388.046203613281,75.375
50.29778,4387.988677978516,75.5
50.29778,4387.211700439453,75.5
51.150526,4386.654846191406,75.625
50.29778,4386.188720703125,75.625
51.150526,4385.914764404297,75.75
51.150526,4383.958587646484,75.875
51.150526,4383.868194580078,76.0
50.06456,4382.168395996094,76.0
50.06456,4381.690490722656,76.125
50.06456,4379.994354248047,76.25
51.150526,4378.806121826172,76.375
50.29778,4378.108642578125,76.5
50.06456,4377.646881103516,76.5
51.150526,4377.879455566406,76.625
50.06456,4376.844665527344,76.625
50.06456,4375.921875,76.75
50.06456,4374.890472412109,76.75
49.83134,4374.685791015625,76.75
50.06456,4372.833923339844,76.875
50.06456,4372.847900390625,76.875
50.06456,4372.0496826171875,77.0
50.06456,4371.8555908203125,77.0
51.150526,4371.291717529297,77.125
50.913352,4370.2142333984375,77.125
50.06456,4370.2269287109375,77.25
50.06456,4369.783111572266,77.25
50.06456,4369.217224121094,77.25
50.06456,4368.763702392578,77.375
50.06456,4368.328674316406,77.375
50.06456,4367.110412597656,77.5
50.06456,4366.836364746094,77.5
50.06456,4366.836486816406,77.625
50.06456,4366.085388183594,77.625
50.06456,4365.529541015625,77.75
50.913352,4364.972320556641,77.75
48.986502,4365.0028076171875,77.75
50.06456,4363.97802734375,77.875
50.06456,4363.515228271484,77.875
50.913352,4363.317138671875,77.875
50.06456,4362.680816650391,78.0
50.913352,4362.432220458984,78.0
50.06456,4362.247528076172,78.0
49.83134,4361.581481933594,78.125
50.06456,4361.741668701172,78.125
48.986502,4361.15234375,78.125
50.06456,4360.478271484375,78.125
50.913352,4360.098724365234,78.25
49.83134,4359.4200439453125,78.25
50.06456,4359.6121826171875,78.25
48.986502,4359.207183837891,78.375
50.06456,4359.104278564453,78.375
50.06456,4358.585968017578,78.375
50.913352,4358.27490234375,78.375
50.06456,4358.77392578125,78.375
48.986502,4358.2548828125,78.5
50.06456,4357.839385986328,78.5
48.986502,4356.756591796875,78.5
50.06456,4356.949951171875,78.5
50.06456,4355.7264404296875,78.625
49.83134,4355.1021728515625,78.625
50.06456,4354.585205078125,78.625
49.83134,4354.065155029297,78.75
50.913352,4353.8109130859375,78.75
50.06456,4353.388885498047,78.875
48.986502,4352.204254150391,78.875
50.06456,4352.316345214844,79.0
49.83134,4352.099700927734,79.0
50.06456,4351.168029785156,79.125
48.986502,4350.2454833984375,79.125
49.83134,4350.284484863281,79.25
50.913352,4350.026306152344,79.25
50.06456,4349.6805419921875,79.375
49.83134,4349.488983154297,79.375
48.986502,4347.8638916015625,79.375
50.06456,4347.98974609375,79.5
50.06456,4348.112548828125,79.5
49.83134,4348.426940917969,79.625
50.913352,4348.623046875,79.625
49.83134,4348.748321533203,79.625
49.83134,4349.330413818359,79.625
48.986502,4350.034606933594,79.625
49.83134,4350.28955078125,79.625
48.986502,4350.6900634765625,79.625
48.986502,4350.22412109375,79.625
49.83134,4349.214019775391,79.625
49.83134,4347.790954589844,79.625
50.06456,4347.244720458984,79.625
49.83134,4346.0802001953125,79.75
49.83134,4345.506103515625,79.75
49.83134,4344.353942871094,79.75
49.83134,4344.137908935547,79.875
49.83134,4343.779052734375,79.875
49.83134,4343.546203613281,80.0
50.676178,4343.1668701171875,80.0
49.83134,4343.014190673828,80.125
49.83134,4342.785980224609,80.125
49.83134,4343.08251953125,80.25
49.83134,4342.779235839844,80.25
49.83134,4342.331207275391,80.25
50.676178,4342.235290527344,80.375
50.676178,4342.1043701171875,80.375
49.83134,4342.106262207031,80.375
48.986502,4342.177429199219,80.375
49.83134,4342.10546875,80.5
49.83134,4342.0302734375,80.5
49.83134,4342.1044921875,80.5
48.986502,4341.88232421875,80.5
49.83134,4341.88232421875,80.5
48.986502,4341.882263183594,80.5
49.83134,4341.95654296875,80.5
49.83134,4341.88232421875,80.5
48.986502,4342.465667724609,80.5
49.83134,4342.3162841796875,80.5
48.986502,4341.95556640625,80.5
49.83134,4341.882263183594,80.5
49.83134,4340.353057861328,80.625
49.83134,4339.609191894531,80.625
48.719025,4339.626251220703,80.625
49.83134,4338.563049316406,80.75
49.55925,4337.789703369141,80.75
49.83134,4336.992584228516,80.875
49.55925,4336.803741455078,80.875
49.83134,4336.2034912109375,81.0
49.83134,4335.945770263672,81.0
49.83134,4335.456573486328,81.125
49.83134,4335.518157958984,81.125
49.83134,4335.758880615234,81.125
49.83134,4335.185546875,81.25
49.83134,4334.68017578125,81.25
50.676178,4333.844146728516,81.25
49.83134,4333.556365966797,81.25
49.83134,4334.1236572265625,81.375
49.83134,4334.145690917969,81.375
49.83134,4333.114562988281,81.375
50.676178,4333.118408203125,81.375
49.55925,4332.990509033203,81.5
49.83134,4332.819396972656,81.5
49.83134,4333.369659423828,81.5
49.83134,4331.67431640625,81.625
48.719025,4332.201721191406,81.625
49.83134,4332.009429931641,81.625
48.986502,4332.739685058594,81.625
49.83134,4332.813201904297,81.625
48.986502,4332.659393310547,81.625
49.55925,4332.924774169922,81.625
49.83134,4332.627990722656,81.625
49.55925,4330.874359130859,81.625
48.719025,4330.834381103516,81.625
49.55925,4328.4837646484375,81.75
49.83134,4327.385986328125,81.75
48.719025,4325.696136474609,81.875
48.719025,4325.707946777344,81.875
49.83134,4324.9979248046875,82.0
50.913352,4324.52294921875,82.0
49.55925,4324.124359130859,82.0
48.719025,4323.996520996094,82.125
49.83134,4323.5694580078125,82.125
48.719025,4323.2115478515625,82.125
49.55925,4323.26953125,82.25
48.719025,4323.223876953125,82.25
49.55925,4322.8355712890625,82.25
49.55925,4323.021545410156,82.25
50.913352,4323.236572265625,82.25
49.55925,4323.400390625,82.25
49.55925,4323.554595947266,82.25
49.55925,4323.23291015625,82.25
49.55925,4324.000793457031,82.25
48.719025,4323.401184082031,82.25
49.55925,4322.7733154296875,82.375
48.719025,4322.136566162109,82.375
48.719025,4322.922607421875,82.375
50.676178,4322.350402832031,82.375
50.913352,4322.150085449219,82.375
49.55925,4322.253723144531,82.375
48.719025,4322.302062988281,82.375
48.719025,4322.3623046875,82.375
48.719025,4322.645690917969,82.375
48.719025,4322.187438964844,82.5
50.06456,4321.984313964844,82.5
48.719025,4321.273498535156,82.5
48.719025,4321.089782714844,82.5
48.719025,4320.889556884766,82.5
49.55925,4319.928619384766,82.625
49.55925,4320.111572265625,82.625
50.913352,4319.8824462890625,82.75
48.719025,4319.470794677734,82.75
49.55925,4319.271911621094,82.875
49.55925,4318.912078857422,82.875
49.55925,4318.938537597656,83.0
49.55925,4319.011627197266,83.0
49.55925,4318.794403076172,83.0
49.55925,4318.857360839844,83.125
49.83134,4318.49853515625,83.125
49.55925,4318.49462890625,83.125
49.55925,4318.742156982422,83.125
49.55925,4318.616973876953,83.125
50.913352,4318.698425292969,83.125
49.55925,4318.707763671875,83.125
49.55925,4318.786651611328,83.125
49.55925,4318.769958496094,83.125
50.913352,4318.635345458984,83.125
49.55925,4318.469696044922,83.125
48.719025,4318.5921630859375,83.25
48.719025,4318.881408691406,83.25
49.55925,4318.652069091797,83.25
48.719025,4318.584777832031,83.25
49.55925,4318.641021728516,83.25
48.719025,4318.641021728516,83.25
48.719025,4318.742401123047,83.25
49.55925,4318.452545166016,83.25
49.55925,4318.451690673828,83.25
50.06456,4318.351806640625,83.25
48.719025,4318.08251953125,83.375
49.55925,4318.016387939453,83.375
49.55925,4317.593505859375,83.375
49.55925,4317.110290527344,83.375
49.55925,4316.207336425781,83.5
49.55925,4315.830413818359,83.5
49.55925,4314.7354736328125,83.625
49.55925,4313.649108886719,83.625
49.55925,4312.3121337890625,83.625
48.719025,4312.648010253906,83.75
49.55925,4311.892883300781,83.75
48.489759,4312.630523681641,83.75
49.55925,4311.336669921875,83.875
49.55925,4309.8387451171875,83.875
49.55925,4309.86767578125,83.875
48.719025,4311.170593261719,83.875
49.55925,4312.712585449219,83.875
48.719025,4311.489227294922,83.875
49.55925,4312.031524658203,83.875
49.55925,4311.595794677734,84.0
49.55925,4310.391693115234,84.0
48.489759,4310.6463623046875,84.0
48.489759,4308.587554931641,84.0
49.55925,4306.248840332031,84.0
49.55925,4306.205596923828,84.0
49.55925,4307.020690917969,84.0
49.32603,4305.9212646484375,84.0
48.986502,4306.045989990234,84.0
48.489759,4306.674468994141,84.0
48.719025,4304.484832763672,84.125
48.489759,4307.148956298828,84.125
49.55925,4305.556793212891,84.125
47.653488,4306.068603515625,84.125
48.986502,4302.993133544922,84.125
48.719025,4303.345764160156,84.125
49.32603,4302.271179199219,84.25
49.32603,4300.787292480469,84.25
48.489759,4301.446929931641,84.375
49.32603,4300.011627197266,84.375
49.83134,4299.278625488281,84.375
49.32603,4299.326171875,84.5
49.32603,4298.8699951171875,84.5
50.676178,4298.554443359375,84.625
48.489759,4298.4871826171875,84.625
50.399475,4298.643493652344,84.75
48.489759,4298.305389404297,84.75
48.489759,4298.39599609375,84.75
48.489759,4298.216400146484,84.75
48.489759,4298.183258056641,84.875
48.489759,4298.674346923828,84.875
48.489759,4298.563781738281,84.875
48.489759,4298.1507568359375,84.875
50.676178,4298.098937988281,84.875
48.986502,4298.011749267578,84.875
49.32603,4297.851745605469,84.875
48.489759,4297.861236572266,85.0
48.489759,4297.756896972656,85.0
49.32603,4297.0819091796875,85.0
48.489759,4297.620391845703,85.0
48.489759,4297.552429199219,85.0
48.489759,4297.255828857422,85.125
47.653488,4297.263153076172,85.125
49.32603,4297.423248291016,85.125
49.83134,4297.283111572266,85.125
49.32603,4297.287353515625,85.125
48.489759,4297.732818603516,85.125
49.32603,4297.304901123047,85.125
48.489759,4296.341735839844,85.125
48.489759,4296.015167236328,85.125
49.32603,4295.943298339844,85.25
49.32603,4295.5416259765625,85.25
48.489759,4294.532623291016,85.375
48.489759,4294.699920654297,85.5
49.32603,4294.200592041016,85.5
48.489759,4293.491790771484,85.625
49.32603,4293.978454589844,85.625
49.32603,4293.599029541016,85.75
49.32603,4292.891448974609,85.75
49.32603,4292.566345214844,85.75
48.489759,4291.507263183594,85.875
49.32603,4291.917907714844,85.875
48.489759,4291.742828369141,86.0
48.719025,4290.287780761719,86.0
48.489759,4290.171447753906,86.0
49.32603,4290.6435546875,86.0
49.32603,4290.932525634766,86.125
49.32603,4291.976348876953,86.125
49.32603,4292.0283203125,86.125
48.719025,4290.475372314453,86.125
48.489759,4288.303070068359,86.125
49.32603,4289.847503662109,86.125
49.32603,4291.512603759766,86.125
49.32603,4290.483337402344,86.125
48.489759,4289.689208984375,86.25
48.489759,4289.173583984375,86.25
48.489759,4289.356689453125,86.25
48.489759,4289.2362060546875,86.25
48.489759,4287.881256103516,86.25
48.489759,4289.531890869141,86.25
48.489759,4288.2291259765625,86.25
48.489759,4288.580596923828,86.25
49.55925,4288.390563964844,86.25
48.260493,4288.037841796875,86.375
49.32603,4287.185089111328,86.375
49.32603,4283.114318847656,86.375
48.260493,4281.621246337891,86.5
49.55925,4281.734161376953,86.5
49.55925,4280.195220947266,86.5
49.55925,4279.344879150391,86.625
49.09281,4279.145904541016,86.625
48.260493,4278.35693359375,86.625
49.32603,4279.135009765625,86.75
49.55925,4278.491607666016,86.75
49.09281,4277.797454833984,86.75
48.260493,4277.740020751953,86.875
48.260493,4277.467742919922,86.875
48.260493,4277.950042724609,86.875
49.55925,4278.45703125,86.875
48.260493,4278.837219238281,86.875
48.260493,4278.210754394531,86.875
49.55925,4278.222442626953,86.875
49.55925,4279.5396728515625,86.875
49.32603,4277.994354248047,86.875
48.260493,4277.5489501953125,87.0
47.03985,4277.515930175781,87.0
47.428176,4277.711242675781,87.0
48.260493,4277.845611572266,87.0
49.55925,4277.066436767578,87.0
49.55925,4277.433929443359,87.0
49.09281,4277.264251708984,87.125
48.489759,4278.260467529297,87.125
47.428176,4280.102478027344,87.125
48.719025,4280.8009033203125,87.125
48.489759,4279.740966796875,87.125
47.653488,4281.545318603516,87.125
47.428176,4281.945007324219,87.0
49.55925,4281.538604736328,87.0
47.428176,4281.657501220703,87.0
49.32603,4279.772186279297,87.0
48.719025,4278.644683837891,87.0
49.55925,4277.559051513672,87.0
50.399475,4279.3104248046875,87.125
48.260493,4278.488525390625,87.125
49.55925,4278.016815185547,87.125
48.260493,4277.66748046875,87.125
48.260493,4277.548309326172,87.125
49.55925,4277.324249267578,87.125
49.55925,4278.350830078125,87.125
48.260493,4277.9990234375,87.125
49.55925,4278.390808105469,87.125
48.260493,4277.592376708984,87.125
49.55925,4278.148223876953,87.125
49.09281,4278.490081787109,87.125
48.260493,4278.301818847656,87.125
47.428176,4278.254638671875,87.125
48.260493,4278.263763427734,87.125
49.55925,4278.697570800781,87.125
48.260493,4277.536560058594,87.125
48.719025,4277.180755615234,87.125
48.260493,4277.900390625,87.125
48.260493,4278.383392333984,87.125
48.260493,4278.750183105469,87.125
49.55925,4278.372955322266,87.125
48.260493,4278.751037597656,87.125
49.55925,4278.4293212890625,87.125
48.719025,4278.244293212891,87.125
48.260493,4278.142608642578,87.125
48.260493,4279.254577636719,87.125
47.428176,4278.013458251953,87.125
47.653488,4278.388763427734,87.125
49.55925,4278.014923095703,87.125
49.55925,4277.644683837891,87.125
49.09281,4277.2579345703125,87.125
50.162301,4276.513336181641,87.25
48.260493,4276.370208740234,87.25
49.55925,4276.2166748046875,87.25
49.09281,4275.8765869140625,87.25
49.55925,4275.6854248046875,87.375
48.260493,4275.685363769531,87.375
49.09281,4275.519836425781,87.375
48.260493,4275.685729980469,87.375
50.399475,4275.5389404296875,87.5
49.55925,4275.457702636719,87.5
48.260493,4275.658477783203,87.5
49.55925,4275.4901123046875,87.5
49.55925,4275.2979736328125,87.5
48.260493,4275.645812988281,87.5
49.55925,4275.614837646484,87.5
48.260493,4275.526550292969,87.625
49.09281,4275.770843505859,87.625
49.55925,4275.930023193359,87.625
48.260493,4275.644958496094,87.625
48.260493,4275.4552001953125,87.625
49.55925,4275.332580566406,87.625
48.260493,4276.0289306640625,87.625
47.428176,4275.634857177734,87.625
48.260493,4275.6077880859375,87.625
49.55925,4275.623046875,87.625
48.260493,4275.501770019531,87.625
49.55925,4275.469635009766,87.625
49.55925,4275.380432128906,87.625
49.55925,4275.914398193359,87.625
48.260493,4275.681976318359,87.625
49.55925,4275.515350341797,87.625
47.428176,4275.292205810547,87.625
48.260493,4275.248046875,87.625
48.260493,4274.80712890625,87.625
49.55925,4274.890594482422,87.75
48.260493,4274.336975097656,87.75
49.09281,4273.90234375,87.75
49.55925,4273.212829589844,87.875
48.260493,4273.7459716796875,87.875
48.260493,4273.4339599609375,87.875
50.399475,4273.238311767578,87.875
48.260493,4273.106353759766,88.0
48.260493,4272.949432373047,88.0
48.260493,4273.471588134766,88.0
48.260493,4272.778350830078,88.0
48.260493,4273.011383056641,88.0
50.399475,4272.692810058594,88.125
48.260493,4273.1121826171875,88.125
50.399475,4273.110412597656,88.125
48.260493,4273.094818115234,88.125
49.09281,4272.7149658203125,88.125
49.09281,4272.5308837890625,88.125
48.260493,4271.764984130859,88.25
48.489759,4271.292053222656,88.25
48.260493,4272.581024169922,88.375
49.09281,4273.33056640625,88.375
48.489759,4273.663726806641,88.25
48.260493,4274.10595703125,88.25
48.260493,4274.361755371094,88.25
48.260493,4274.2957763671875,88.25
47.428176,4273.766021728516,88.25
48.260493,4274.135284423828,88.25
48.260493,4274.1678466796875,88.125
48.260493,4273.682159423828,88.125
49.55925,4273.669891357422,88.125
48.260493,4273.200836181641,88.125
49.55925,4271.906036376953,88.125
48.260493,4271.469940185547,88.25
48.260493,4271.483642578125,88.25
48.260493,4271.107971191406,88.25
48.260493,4269.476409912109,88.25
49.32603,4270.321624755859,88.375
49.55925,4270.100402832031,88.375
48.260493,4268.744720458984,88.375
49.09281,4268.637664794922,88.5
49.32603,4268.6007080078125,88.5
48.260493,4268.391571044922,88.5
49.32603,4267.959411621094,88.5
49.32603,4268.770568847656,88.5
49.09281,4268.895446777344,88.5
49.09281,4270.482604980469,88.625
48.260493,4269.996368408203,88.625
48.260493,4269.87841796875,88.625
48.260493,4269.365203857422,88.625
49.32603,4268.721893310547,88.625
49.55925,4268.760711669922,88.625
49.32603,4268.935943603516,88.625
49.32603,4269.0615234375,88.625
48.260493,4270.015594482422,88.625
48.489759,4270.497619628906,88.625
48.260493,4270.735412597656,88.625
49.32603,4271.0654296875,88.625
48.260493,4270.483581542969,88.5
48.260493,4270.882995605469,88.5
48.260493,4270.247344970703,88.5
48.489759,4270.414825439453,88.5
49.32603,4267.901428222656,88.5
48.489759,4268.158966064453,88.625
48.260493,4265.751708984375,88.625
48.260493,4263.200225830078,88.625
48.031227,4264.560974121094,88.625
49.32603,4263.743621826172,88.75
49.32603,4261.8740234375,88.75
49.09281,4262.437805175781,88.75
48.260493,4262.900207519531,88.875
48.031227,4262.268127441406,88.875
49.32603,4262.326904296875,88.875
49.32603,4262.941955566406,88.875
48.031227,4262.024475097656,88.875
49.09281,4261.255218505859,88.875
50.162301,4261.329071044922,88.875
48.031227,4261.936096191406,88.875
48.489759,4262.702423095703,89.0
48.260493,4261.367950439453,89.0
48.031227,4261.664337158203,89.0
48.489759,4261.148864746094,89.0
48.489759,4260.983581542969,89.0
49.09281,4261.733703613281,89.0
48.489759,4263.222808837891,89.0
49.32603,4263.286407470703,89.0
49.32603,4263.176666259766,89.0
48.260493,4264.433502197266,89.0
48.489759,4265.184326171875,89.0
48.489759,4265.137542724609,89.0
48.489759,4263.8636474609375,89.0
49.09281,4264.319091796875,89.0
47.202864,4265.223449707031,89.0
48.031227,4261.236846923828,89.0
49.32603,4261.145660400391,89.0
47.202864,4259.974700927734,89.0
48.489759,4259.760314941406,89.0
49.32603,4258.393646240234,89.0
49.32603,4258.9852294921875,89.125
49.32603,4258.114929199219,89.125
49.32603,4257.944610595703,89.125
49.32603,4257.742767333984,89.125
49.32603,4256.955902099609,89.125
49.32603,4257.201904296875,89.25
49.32603,4257.020599365234,89.25
49.32603,4257.072174072266,89.25
49.32603,4257.322296142578,89.25
49.32603,4257.159698486328,89.25
49.32603,4257.4866943359375,89.375
48.031227,4256.883850097656,89.375
49.32603,4256.747406005859,89.375
49.32603,4256.7574462890625,89.375
48.031227,4256.478820800781,89.375
49.32603,4256.365753173828,89.375
48.031227,4255.918426513672,89.375
49.32603,4256.3402099609375,89.5
48.031227,4256.7532958984375,89.5
49.32603,4256.304840087891,89.5
48.031227,4257.544189453125,89.5
48.489759,4258.0655517578125,89.5
47.202864,4259.441955566406,89.5
49.32603,4258.092376708984,89.375
48.489759,4257.591064453125,89.375
48.031227,4256.034271240234,89.5
49.32603,4255.338958740234,89.5
49.32603,4255.089782714844,89.5
48.031227,4254.973968505859,89.625
49.32603,4255.186279296875,89.625
48.489759,4254.691314697266,89.625
49.32603,4254.677673339844,89.75
49.32603,4254.7249755859375,89.75
49.32603,4254.736267089844,89.75
49.32603,4254.548522949219,89.75
49.32603,4254.447509765625,89.75
49.32603,4254.807464599609,89.875
49.32603,4254.623565673828,89.875
48.489759,4254.361907958984,89.875
49.32603,4254.373291015625,89.875
49.32603,4254.498077392578,89.875
49.32603,4254.4388427734375,89.875
49.32603,4254.609649658203,89.875
47.202864,4254.816558837891,89.875
49.32603,4254.28369140625,89.875
48.489759,4254.2230224609375,89.875
47.202864,4254.104309082031,90.0
49.32603,4254.149871826172,90.0
49.32603,4253.928985595703,90.0
48.031227,4253.864898681641,90.0
49.32603,4254.157989501953,90.0
50.162301,4253.957916259766,90.0
49.32603,4253.839294433594,90.125
48.85959,4253.945281982422,90.125
48.031227,4253.807189941406,90.125
47.202864,4253.898651123047,90.125
49.32603,4253.7318115234375,90.125
49.32603,4253.736389160156,90.125
50.162301,4253.785217285156,90.125
49.32603,4253.499176025391,90.125
49.32603,4253.592346191406,90.125
48.031227,4253.546051025391,90.125
49.32603,4253.436676025391,90.125
47.202864,4253.3790283203125,90.125
49.32603,4253.345031738281,90.125
48.031227,4253.559356689453,90.125
48.489759,4253.366455078125,90.125
49.32603,4253.288482666016,90.125
49.32603,4253.122314453125,90.125
49.32603,4253.284881591797,90.125
49.32603,4253.059020996094,90.125
48.489759,4253.1693115234375,90.125
48.031227,4253.2305908203125,90.25
49.32603,4252.773986816406,90.25
48.031227,4252.7774658203125,90.25
48.489759,4253.091583251953,90.25
48.031227,4252.9312744140625,90.25
48.031227,4252.908020019531,90.25
48.85959,4252.8331298828125,90.25
48.489759,4252.681457519531,90.25
48.031227,4252.743469238281,90.25
49.32603,4252.862396240234,90.25
49.32603,4252.9873046875,90.25
49.32603,4252.851898193359,90.25
49.32603,4252.826080322266,90.375
48.031227,4252.777191162109,90.375
47.202864,4252.3834228515625,90.375
49.32603,4252.1654052734375,90.375
48.031227,4252.354797363281,90.375
48.031227,4252.545928955078,90.375
48.031227,4252.582580566406,90.375
49.32603,4252.440002441406,90.375
48.031227,4252.531341552734,90.375
49.32603,4252.239074707031,90.375
49.32603,4252.117889404297,90.375
48.031227,4252.120849609375,90.375
47.202864,4251.9595947265625,90.5
49.32603,4252.214447021484,90.5
49.32603,4251.734161376953,90.5
49.32603,4252.038604736328,90.5
48.031227,4251.575347900391,90.5
48.031227,4252.098785400391,90.5
49.32603,4252.164459228516,90.5
48.031227,4251.958221435547,90.5
49.32603,4251.543121337891,90.5
49.32603,4251.367218017578,90.625
49.32603,4251.619354248047,90.625
48.031227,4251.143341064453,90.625
49.32603,4251.1121826171875,90.625
49.32603,4251.042572021484,90.625
48.489759,4251.0023193359375,90.625
48.260493,4251.414764404297,90.625
48.031227,4250.954895019531,90.75
49.32603,4250.733612060547,90.75
48.031227,4250.9873046875,90.75
49.32603,4251.010498046875,90.75
47.202864,4251.033966064453,90.75
49.32603,4250.9658203125,90.75
48.031227,4251.069641113281,90.75
48.031227,4250.716125488281,90.75
48.85959,4250.593536376953,90.75
48.031227,4250.574981689453,90.75
49.09281,4250.716796875,90.75
49.32603,4250.931060791016,90.875
47.202864,4250.977355957031,90.875
48.031227,4250.1744384765625,90.875
48.260493,4250.13525390625,90.875
48.031227,4249.703125,90.875
49.32603,4250.015106201172,90.875
49.09281,4250.356781005859,90.875
49.32603,4250.803161621094,90.875
48.031227,4250.3839111328125,90.875
48.031227,4250.564147949219,90.875
49.09281,4250.644805908203,90.875
48.031227,4250.175079345703,90.875
47.202864,4250.0455322265625,90.875
49.32603,4249.837219238281,90.875
48.031227,4249.4560546875,90.875
48.031227,4249.515838623047,91.0
48.031227,4249.004669189453,91.0
48.031227,4248.79931640625,91.0
48.031227,4248.598236083984,91.0
48.031227,4248.578948974609,91.0
49.09281,4248.678924560547,91.0
48.031227,4248.75,91.0
49.32603,4248.059997558594,91.0
50.162301,4248.437042236328,91.125
48.85959,4248.2059326171875,91.125
49.32603,4248.166473388672,91.125
49.09281,4247.764923095703,91.125
48.031227,4247.609802246094,91.125
48.031227,4247.9140625,91.125
49.09281,4246.950408935547,91.125
48.031227,4247.454925537109,91.125
48.031227,4247.778717041016,91.125
48.031227,4247.549835205078,91.25
48.031227,4246.121917724609,91.25
48.031227,4246.535614013672,91.25
48.031227,4246.581207275391,91.25
47.202864,4246.405944824219,91.25
49.32603,4246.403228759766,91.25
48.031227,4245.924377441406,91.25
48.031227,4244.726226806641,91.25
50.162301,4245.932647705078,91.375
48.260493,4245.481018066406,91.375
48.260493,4244.776550292969,91.375
48.031227,4244.5272216796875,91.375
48.031227,4245.336364746094,91.375
48.031227,4244.934417724609,91.375
48.031227,4244.986846923828,91.375
48.031227,4246.413421630859,91.375
49.32603,4245.9515380859375,91.375
48.260493,4244.975433349609,91.375
49.09281,4245.289276123047,91.375
48.031227,4244.868560791016,91.375
48.260493,4244.783782958984,91.375
49.32603,4245.4993896484375,91.375
48.260493,4245.394592285156,91.375
48.031227,4243.245574951172,91.375
48.260493,4243.376647949219,91.5
48.260493,4243.482177734375,91.5
48.031227,4242.654602050781,91.5
49.09281,4242.5504150390625,91.5
48.260493,4243.617706298828,91.5
48.260493,4242.273498535156,91.5
48.031227,4241.226409912109,91.5
49.09281,4241.386688232422,91.5
48.031227,4242.8533935546875,91.5
48.85959,4243.951690673828,91.5
47.202864,4243.139556884766,91.5
47.202864,4243.570251464844,91.625
48.031227,4242.887420654297,91.625
48.260493,4242.806610107422,91.625
48.260493,4242.6453857421875,91.625
48.031227,4243.805694580078,91.625
49.09281,4242.545349121094,91.625
47.202864,4242.2705078125,91.625
48.260493,4241.998474121094,91.625
48.260493,4241.815490722656,91.625
48.260493,4243.120391845703,91.625
47.202864,4240.580993652344,91.625
48.260493,4242.069274902344,91.625
48.031227,4241.2523193359375,91.625
48.260493,4241.431427001953,91.625
48.031227,4242.70947265625,91.625
48.260493,4242.103210449219,91.625
48.260493,4241.928619384766,91.625
49.09281,4241.893341064453,91.625
48.260493,4240.6951904296875,91.625
48.031227,4241.7523193359375,91.625
48.260493,4238.334045410156,91.625
48.031227,4240.02978515625,91.625
49.09281,4237.886749267578,91.625
48.260493,4238.208068847656,91.625
48.5875,4237.069885253906,91.75
48.260493,4237.392822265625,91.75
48.260493,4237.4132080078125,91.75
46.94,4236.953430175781,91.75
48.260493,4238.014617919922,91.75
47.202864,4237.292205810547,91.75
47.76375,4236.811706542969,91.75
49.09281,4236.2379150390625,91.875
48.260493,4235.061370849609,91.875
46.94,4235.0638427734375,91.875
48.260493,4235.588104248047,91.875
48.260493,4236.624267578125,91.875
46.94,4235.313201904297,91.875
48.260493,4235.055480957031,92.0
47.76375,4235.274108886719,92.0
48.260493,4234.821014404297,92.0
49.09281,4234.776428222656,92.0
46.94,4235.523742675781,92.0
46.94,4234.75390625,92.0
49.09281,4234.052093505859,92.0
48.031227,4233.371002197266,92.0
48.260493,4233.678314208984,92.0
49.09281,4233.914947509766,92.0
47.202864,4233.323089599609,92.0
48.260493,4234.014068603516,92.0
47.76375,4233.4451904296875,92.0
46.94,4233.7261962890625,92.0
48.260493,4233.505187988281,92.0
47.76375,4233.282501220703,92.0
49.09281,4234.0079345703125,92.0
49.09281,4233.909759521484,92.125
48.260493,4234.231994628906,92.125
47.76375,4234.882965087891,92.125
49.09281,4234.33349609375,92.125
49.09281,4235.478515625,92.125
49.09281,4235.215515136719,92.0
49.09281,4234.177307128906,92.125
48.260493,4234.231018066406,92.125
49.09281,4232.992828369141,92.125
48.260493,4234.024017333984,92.125
48.260493,4233.323822021484,92.125
46.94,4233.373229980469,92.125
49.09281,4233.439910888672,92.125
49.09281,4232.94677734375,92.125
49.09281,4232.8140869140625,92.125
48.260493,4232.401672363281,92.125
48.85959,4232.496429443359,92.125
48.260493,4232.324981689453,92.125
49.09281,4232.293701171875,92.125
49.09281,4232.461242675781,92.125
49.09281,4232.0716552734375,92.125
49.09281,4232.069305419922,92.125
49.09281,4232.40966796875,92.125
47.76375,4231.986419677734,92.125
49.09281,4232.0225830078125,92.125
48.260493,4232.247833251953,92.125
49.09281,4232.313720703125,92.125
47.76375,4231.530975341797,92.25
47.76375,4231.6055908203125,92.25
48.260493,4231.326232910156,92.25
47.76375,4231.254150390625,92.25
47.76375,4231.453552246094,92.25
46.94,4231.669250488281,92.25
49.09281,4231.7506103515625,92.25
49.09281,4231.701995849609,92.25
47.76375,4231.319763183594,92.25
46.94,4231.12890625,92.25
49.09281,4231.4278564453125,92.25
48.260493,4231.5028076171875,92.25
49.09281,4231.108947753906,92.25
49.09281,4231.294860839844,92.375
46.94,4231.144378662109,92.375
47.76375,4231.180450439453,92.375
49.09281,4231.125183105469,92.375
49.09281,4231.113342285156,92.375
49.09281,4231.055206298828,92.375
48.260493,4231.024108886719,92.375
49.09281,4231.139862060547,92.375
49.09281,4230.773956298828,92.375
48.260493,4230.810760498047,92.375
47.76375,4230.630615234375,92.375
47.76375,4230.7684326171875,92.375
48.260493,4230.652099609375,92.375
49.09281,4230.352630615234,92.375
48.260493,4230.264862060547,92.375
46.94,4230.307373046875,92.375
48.260493,4230.432189941406,92.5
49.09281,4230.245086669922,92.5
49.09281,4230.343414306641,92.5
48.260493,4230.108184814453,92.5
48.260493,4230.1485595703125,92.5
46.94,4230.277801513672,92.5
46.94,4230.0595703125,92.5
46.94,4230.058624267578,92.5
47.76375,4229.836456298828,92.5
47.76375,4230.126525878906,92.5
47.76375,4230.4404296875,92.5
49.09281,4230.238006591797,92.5
47.76375,4230.011627197266,92.5
48.260493,4230.040863037109,92.5
47.76375,4229.9239501953125,92.5
46.94,4229.958984375,92.625
48.260493,4230.013732910156,92.625
47.76375,4230.1214599609375,92.625
49.09281,4230.0399169921875,92.625
47.76375,4230.020690917969,92.625
49.09281,4230.1129150390625,92.625
47.76375,4229.986541748047,92.625
49.09281,4229.864074707031,92.625
48.260493,4229.749725341797,92.625
47.76375,4229.581329345703,92.625
46.94,4229.760803222656,92.625
47.76375,4229.8485107421875,92.625
48.260493,4229.791656494141,92.625
48.260493,4229.905029296875,92.625
49.925127,4224.557769775391,93.5
48.260493,4229.806854248047,93.625
47.76375,4229.651428222656,93.625
47.76375,4229.569030761719,93.625
48.260493,4229.347320556641,93.5
46.94,4229.513397216797,93.5
48.260493,4229.433197021484,93.5
46.94,4229.471099853516,93.375
47.76375,4229.482177734375,93.375
47.76375,4229.526092529297,93.375
48.260493,4229.425354003906,93.375
46.94,4229.392150878906,93.25
47.76375,4229.169189453125,93.25
49.09281,4229.324432373047,93.25
47.76375,4229.258483886719,93.25
49.09281,4229.196075439453,93.125
46.94,4228.921569824219,93.125
48.260493,4228.977447509766,93.125
47.76375,4228.8382568359375,93.125
46.94,4229.008850097656,93.125
47.76375,4228.881408691406,93.125
48.260493,4228.6900634765625,93.125
49.09281,4228.861846923828,93.0
46.94,4228.662811279297,93.0
47.76375,4228.737762451172,93.0
46.94,4228.7313232421875,93.0
49.09281,4228.445953369141,93.0
49.09281,4228.2337646484375,93.0
49.09281,4228.518829345703,93.0
47.76375,4228.487335205078,93.0
48.260493,4228.416229248047,93.0
49.09281,4228.371765136719,93.0
49.925127,4228.404296875,93.0
49.09281,4228.5516357421875,93.0
49.09281,4228.430084228516,93.0
49.09281,4228.852081298828,93.0
48.260493,4228.7310791015625,93.0
46.94,4228.529846191406,93.0
47.76375,4228.598114013672,93.0
47.76375,4228.64013671875,93.0
47.76375,4228.6446533203125,93.0
47.76375,4228.434387207031,93.0
47.76375,4227.976959228516,93.0
49.09281,4228.061431884766,93.0
46.94,4227.916259765625,93.0
47.76375,4227.928894042969,93.0
48.260493,4228.045745849609,93.0
49.09281,4227.8797607421875,93.0
47.76375,4227.7735595703125,93.0
47.76375,4228.066986083984,93.0
47.76375,4227.7593994140625,93.0
46.94,4228.032928466797,93.0
49.09281,4227.878723144531,93.0
49.09281,4227.748779296875,93.0
47.76375,4227.512237548828,93.125
49.09281,4227.763916015625,93.125
49.09281,4227.6510009765625,93.125
49.09281,4227.603057861328,93.125
49.09281,4227.955871582031,93.125
47.76375,4227.8411865234375,93.125
49.09281,4227.639953613281,93.125
48.260493,4227.601348876953,93.125
49.09281,4227.331329345703,93.125
48.260493,4227.432373046875,93.125
49.09281,4227.4658203125,93.125
49.09281,4227.769073486328,93.125
49.09281,4227.4620361328125,93.125
47.76375,4227.3021240234375,93.125
47.76375,4227.445861816406,93.125
47.76375,4227.405822753906,93.125
47.76375,4227.502136230469,93.125
46.94,4227.407775878906,93.125
49.09281,4227.327728271484,93.125
49.09281,4227.425354003906,93.25
47.76375,4227.082946777344,93.25
48.031227,4227.020263671875,93.25
47.76375,4227.226318359375,93.25
47.76375,4227.093658447266,93.25
48.260493,4227.166290283203,93.25
49.09281,4226.872161865234,93.25
47.76375,4226.854278564453,93.25
47.76375,4226.938537597656,93.25
47.76375,4227.14306640625,93.25
49.09281,4226.764251708984,93.25
46.94,4227.026519775391,93.25
49.09281,4226.800201416016,93.25
47.76375,4226.722564697266,93.25
47.76375,4226.737030029297,93.375
49.09281,4226.968963623047,93.375
49.09281,4226.909576416016,93.375
46.94,4226.886383056641,93.375
48.5875,4226.892486572266,93.375
47.76375,4226.7711181640625,93.375
47.76375,4226.493011474609,93.375
47.76375,4226.549530029297,93.375
49.09281,4226.345855712891,93.375
47.76375,4226.200653076172,93.375
47.76375,4225.849334716797,93.375
48.031227,4225.949310302734,93.375
46.94,4225.955535888672,93.5
49.925127,4225.679473876953,93.5
46.94,4225.7939453125,93.5
47.76375,4226.201934814453,93.5
48.5875,4226.542816162109,93.5
47.76375,4226.297271728516,93.5
47.76375,4226.221496582031,93.5
49.09281,4226.434417724609,93.5
47.76375,4226.182281494141,93.5
46.94,4226.3953857421875,93.5
47.76375,4226.294982910156,93.5
47.76375,4226.221954345703,93.5
47.76375,4226.2275390625,93.5
49.09281,4225.853851318359,93.5
46.94,4226.106018066406,93.5
49.925127,4226.068115234375,93.5
47.76375,4225.7694091796875,93.5
49.09281,4225.4483642578125,93.625
46.94,4225.619476318359,93.625
47.76375,4225.5709228515625,93.625
49.09281,4225.742156982422,93.625
47.76375,4225.493469238281,93.625
46.94,4225.338928222656,93.625
46.94,4225.127380371094,93.625
46.94,4225.362365722656,93.625
47.76375,4225.181243896484,93.625
48.260493,4225.53466796875,93.625
49.09281,4225.285125732422,93.625
46.94,4225.2281494140625,93.625
47.76375,4225.285125732422,93.625
47.76375,4224.970977783203,93.75
47.76375,4224.8948974609375,93.75
49.09281,4224.491485595703,93.75
47.76375,4224.846099853516,93.75
49.09281,4224.528869628906,93.75
49.09281,4224.782287597656,93.75
48.031227,4225.078155517578,93.75
46.94,4224.968170166016,93.75
49.09281,4224.626007080078,93.75
49.09281,4225.4176025390625,93.75
48.031227,4225.302795410156,93.75
46.94,4225.082946777344,93.75
47.76375,4225.245819091797,93.75
47.76375,4225.124450683594,93.75
46.94,4224.716125488281,93.75
49.09281,4224.68310546875,93.75
49.09281,4224.327423095703,93.75
46.94,4224.5462646484375,93.75
49.09281,4223.6710205078125,93.75
47.76375,4223.895812988281,93.875
49.925127,4223.71484375,93.875
48.031227,4223.897644042969,93.875
48.031227,4223.452545166016,93.875
47.76375,4223.0623779296875,93.875
48.260493,4223.201965332031,93.875
46.94,4223.4251708984375,93.875
47.76375,4223.220489501953,93.875
47.76375,4223.890167236328,93.875
49.09281,4223.574798583984,93.875
49.09281,4223.694580078125,93.875
47.76375,4223.271911621094,93.875
47.76375,4223.29541015625,93.875
47.76375,4223.379577636719,93.875
49.09281,4223.1246337890625,93.875
47.76375,4223.1488037109375,93.875
49.09281,4223.274139404297,93.875
48.031227,4223.113006591797,94.0
47.76375,4222.517272949219,94.0
47.76375,4222.797576904297,94.0
48.031227,4222.553985595703,94.0
49.09281,4221.733856201172,94.0
46.94,4222.558441162109,94.0
46.94,4221.847686767578,94.0
47.76375,4221.698089599609,94.0
47.76375,4221.322784423828,94.0
48.031227,4221.465393066406,94.0
47.76375,4221.351165771484,94.0
49.09281,4221.087585449219,94.0
48.031227,4221.224456787109,94.0
47.76375,4220.180755615234,94.125
47.76375,4220.590301513672,94.125
49.925127,4219.814788818359,94.125
47.76375,4220.396667480469,94.125
49.09281,4220.849884033203,94.125
47.76375,4221.365692138672,94.125
49.09281,4221.413848876953,94.125
48.031227,4221.4053955078125,94.125
48.031227,4220.571350097656,94.125
47.76375,4220.470733642578,94.125
48.85959,4220.634490966797,94.125
48.031227,4220.050537109375,94.125
47.76375,4219.7783203125,94.125
48.031227,4219.181579589844,94.25
47.76375,4219.8824462890625,94.25
48.031227,4219.224609375,94.25
48.031227,4215.764862060547,94.375
47.76375,4219.011077880859,94.25
48.260493,4219.0662841796875,94.25
47.76375,4219.276397705078,94.25
47.202864,4218.385223388672,94.25
48.031227,4218.298278808594,94.25
47.76375,4218.008239746094,94.25
48.031227,4218.794860839844,94.25
46.94,4218.086975097656,94.25
48.031227,4218.0614013671875,94.25
48.031227,4217.50048828125,94.25
49.09281,4218.4471435546875,94.25
48.031227,4217.3515625,94.25
48.031227,4217.060546875,94.25
47.76375,4217.743316650391,94.25
48.031227,4217.924255371094,94.25
48.031227,4218.75634765625,94.25
48.031227,4217.324615478516,94.25
47.202864,4217.4022216796875,94.25
46.1175,4217.584411621094,94.25
48.031227,4217.609375,94.25
49.09281,4217.1510009765625,94.25
47.76375,4217.1123046875,94.25
48.031227,4216.579498291016,94.25
47.76375,4215.744537353516,94.375
48.031227,4216.820373535156,94.375
48.031227,4216.632263183594,94.375
47.76375,4215.856262207031,94.375
47.76375,4216.205474853516,94.375
47.76375,4216.232421875,94.375
46.714688,4215.616546630859,94.375
48.031227,4215.3204345703125,94.375
47.76375,4215.164855957031,94.375
46.94,4214.8726806640625,94.375
46.94,4214.3125,94.375
47.76375,4214.064025878906,94.375
48.031227,4213.653503417969,94.375
48.031227,4213.237121582031,94.375
48.031227,4212.8402099609375,94.5
46.94,4213.185607910156,94.5
48.031227,4213.856750488281,94.5
48.031227,4213.29638671875,94.5
46.94,4213.983337402344,94.5
48.031227,4214.1708984375,94.5
47.76375,4214.013336181641,94.5
46.1175,4214.480529785156,94.5
46.714688,4213.599761962891,94.5
48.85959,4214.333404541016,94.5
47.202864,4212.809661865234,94.5
46.714688,4213.22607421875,94.5
46.714688,4213.211181640625,94.5
48.031227,4213.975555419922,94.5
48.031227,4212.546966552734,94.5
48.031227,4213.293884277344,94.5
46.1175,4212.762542724609,94.5
47.76375,4212.840118408203,94.5
47.76375,4212.784942626953,94.5
46.714688,4213.9765625,94.5
47.76375,4212.325958251953,94.5
48.031227,4212.14453125,94.5
46.714688,4212.21337890625,94.5
48.031227,4212.4273681640625,94.625
46.714688,4211.250427246094,94.625
46.714688,4211.077209472656,94.625
46.714688,4211.1326904296875,94.625
48.031227,4211.038116455078,94.625
48.031227,4211.908966064453,94.625
47.76375,4212.089599609375,94.625
48.85959,4212.780029296875,94.625
47.76375,4211.327850341797,94.625
46.714688,4211.455474853516,94.625
46.94,4211.42333984375,94.625
46.714688,4211.416442871094,94.625
48.85959,4211.848236083984,94.625
48.031227,4211.035980224609,94.625
46.714688,4211.50439453125,94.625
48.031227,4211.263580322266,94.625
46.1175,4211.136688232422,94.75
48.031227,4210.8309326171875,94.75
48.031227,4210.648864746094,94.75
49.32603,4198.4864501953125,94.875
48.85959,4212.594696044922,94.875
48.031227,4211.0,94.875
48.031227,4210.624694824219,94.875
46.714688,4210.774230957031,94.875
48.031227,4210.434173583984,94.875
48.031227,4211.1357421875,94.875
46.714688,4210.290435791016,94.875
48.031227,4210.224517822266,94.875
47.534484,4209.994293212891,94.875
48.031227,4210.4259033203125,94.875
48.85959,4210.795562744141,94.875
48.031227,4209.272308349609,94.875
48.85959,4208.968566894531,94.875
48.031227,4212.9093017578125,94.875
48.85959,4208.382659912109,95.0
48.85959,4211.885437011719,95.0
48.031227,4209.866851806641,95.0
48.031227,4209.792877197266,94.875
48.031227,4211.422454833984,94.875
47.534484,4210.068389892578,94.875
47.76375,4210.814178466797,94.875
46.714688,4209.670013427734,94.875
48.031227,4208.377532958984,94.875
48.031227,4208.691680908203,94.875
46.714688,4206.890899658203,94.875
48.031227,4208.1885986328125,94.875
48.031227,4207.3209228515625,94.875
48.031227,4210.256011962891,94.875
48.031227,4209.910736083984,94.875
48.031227,4210.7576904296875,94.875
46.714688,4209.083282470703,94.875
46.714688,4208.881866455078,94.875
48.031227,4210.907165527344,94.875
48.031227,4208.850128173828,94.875
46.714688,4209.112457275391,94.875
48.031227,4209.108642578125,94.875
48.031227,4208.713562011719,94.875
46.714688,4209.087188720703,95.0
48.031227,4208.834777832031,95.0
48.031227,4208.320281982422,95.0
48.031227,4208.357696533203,95.0
48.031227,4207.18896484375,95.0
48.031227,4208.693756103516,95.0
48.031227,4208.61865234375,95.0
46.714688,4208.682434082031,95.0
48.85959,4208.0557861328125,95.0
48.031227,4208.099822998047,95.0
48.031227,4207.773040771484,95.0
48.031227,4211.416534423828,95.125
48.031227,4207.178619384766,95.125
48.85959,4207.530609130859,95.125
48.031227,4208.7613525390625,95.125
46.714688,4207.497314453125,95.125
48.85959,4207.867126464844,95.125
48.031227,4207.841796875,95.125
46.714688,4207.638122558594,95.125
46.714688,4207.414031982422,95.125
46.714688,4207.411590576172,95.125
46.714688,4207.374542236328,95.125
46.714688,4208.6475830078125,95.125
48.85959,4207.582672119141,95.125
48.031227,4208.6378173828125,95.125
48.031227,4207.932403564453,95.125
48.031227,4208.516845703125,95.125
46.714688,4207.995025634766,95.125
48.031227,4207.766174316406,95.125
48.031227,4207.8145751953125,95.125
47.202864,4208.499572753906,95.125
48.031227,4207.875885009766,95.125
48.85959,4207.526184082031,95.125
48.031227,4207.6810302734375,95.125
48.031227,4208.335968017578,95.125
48.031227,4206.661437988281,95.125
48.031227,4208.353820800781,95.125
48.031227,4207.5792236328125,95.125
46.714688,4207.315521240234,95.125
48.031227,4206.485809326172,95.125
48.031227,4207.402069091797,95.125
48.85959,4208.019470214844,95.125
48.85959,4208.074737548828,95.125
48.031227,4208.083892822266,95.25
47.534484,4207.498718261719,95.25
47.534484,4207.922149658203,95.25
48.031227,4208.021636962891,95.25
48.031227,4208.046203613281,95.25
46.1175,4204.89208984375,95.25
48.031227,4203.334686279297,95.25
48.031227,4205.407684326172,95.25
48.031227,4206.779968261719,95.25
48.031227,4209.859130859375,95.25
46.714688,4211.368621826172,95.25
48.85959,4205.164001464844,95.25
48.031227,4209.634338378906,95.25
46.714688,4208.505920410156,95.375
46.714688,4206.108642578125,95.375
48.85959,4208.888641357422,95.375
46.714688,4201.9893798828125,95.375
47.534484,4202.448883056641,95.375
48.031227,4206.100555419922,95.375
49.09281,4204.738067626953,95.375
47.534484,4206.603454589844,95.375
46.714688,4204.1756591796875,95.375
47.534484,4206.348358154297,95.375
48.031227,4209.352691650391,95.375
48.031227,4207.820861816406,95.375
48.85959,4209.709503173828,95.375
48.031227,4206.31103515625,95.375
46.714688,4200.1029052734375,95.375
47.534484,4204.1783447265625,95.375
46.714688,4201.558990478516,95.375
46.714688,4205.0382080078125,95.375
46.714688,4208.6416015625,95.375
48.85959,4201.375152587891,95.375
48.85959,4200.544647216797,95.375
45.453408,4206.442047119141,95.375
48.85959,4204.226226806641,95.375
48.85959,4200.174621582031,95.375
46.714688,4201.061340332031,95.375
48.85959,4203.3870849609375,95.375
46.714688,4202.511871337891,95.375
48.85959,4205.4140625,95.375
46.714688,4203.1812744140625,95.375
47.534484,4200.594146728516,95.375
46.714688,4203.317596435547,95.375
48.031227,4199.440124511719,95.375
48.031227,4203.749267578125,95.375
48.031227,4197.337463378906,95.375
48.031227,4204.691223144531,95.375
48.031227,4200.40380859375,95.375
46.714688,4203.561828613281,95.375
45.674772,4203.890411376953,95.375
48.031227,4201.832977294922,95.375
46.714688,4202.267639160156,95.375
46.714688,4198.877349853516,95.375
46.714688,4198.1846923828125,95.375
46.714688,4200.543365478516,95.375
46.714688,4199.691741943359,95.375
46.714688,4200.125823974609,95.375
46.714688,4198.336364746094,95.375
46.714688,4202.5947265625,95.375
45.453408,4201.8416748046875,95.375
48.031227,4199.667907714844,95.375
46.714688,4198.490142822266,95.375
49.925127,4202.998474121094,95.375
47.534484,4204.012115478516,95.375
48.031227,4200.780792236328,95.375
48.031227,4202.280456542969,95.375
48.031227,4199.035583496094,95.375
46.714688,4200.1239013671875,95.375
46.714688,4198.828918457031,95.375
47.534484,4196.819427490234,95.375
46.714688,4195.3199462890625,95.375
46.714688,4195.9195556640625,95.375
46.714688,4180.478454589844,95.375
47.534484,4195.205993652344,95.375
46.714688,4199.331787109375,95.375
48.031227,4199.833801269531,95.375
46.714688,4195.678955078125,95.375
46.94,4196.859313964844,95.375
46.714688,4199.852233886719,95.375
46.714688,4198.003723144531,95.375
46.714688,4194.243743896484,95.375
47.534484,4197.292541503906,95.375
46.714688,4195.730712890625,95.375
48.031227,4213.353454589844,95.375
39.107532,4193.224639892578,95.25
17.550432,3891.582046508789,95.0
14.694154,3723.5164947509766,94.625
13.528458,3733.9468994140625,94.25
12.801524,3721.3806915283203,93.75
3.485664,2502.929733276367,93.125
5.3352,2575.409378051758,92.0
2.925072,2522.0409240722656,90.875
2.905308,2178.3437118530273,89.875
1.754688,2960.972930908203,88.75
8.561476,2758.9857025146484,87.75
2.905308,2216.104362487793,86.75
1.754688,2132.043899536133,85.75
1.754688,2480.510238647461,84.75
2.33988,2490.1680755615234,83.875
2.33988,2487.3479919433594,82.875
2.33988,2487.0680541992188,82.0
1.754688,2469.679168701172,81.125
14.210316,2582.480697631836,80.25
3.485664,2498.148681640625,79.5
2.905308,2472.8082275390625,78.625
1.754688,2474.7953033447266,77.875
1.754688,2469.9124908447266,77.125
2.33988,2489.1653442382812,76.375
2.33988,2607.3076934814453,75.625
2.33988,2735.1180725097656,75.0
3.485664,2939.926010131836,74.25
2.33988,2704.7613525390625,73.625
2.905308,2583.149612426758,73.0
2.33988,2587.552734375,72.375
1.754688,2651.0821838378906,71.75
2.33988,2604.963882446289,71.125
2.33988,2553.2215881347656,70.625
2.925072,2469.6297454833984,70.0
2.33988,2729.7781829833984,69.5
2.33988,2469.849624633789,69.0
1.754688,2714.517379760742,68.375
1.754688,2828.1412506103516,67.875
2.33988,2431.516128540039,67.5
2.925072,2572.810745239258,67.0
2.905308,2535.7467498779297,66.5
6.630618,2542.9741973876953,66.0
2.33988,2471.1590118408203,65.625
2.33988,2495.7749633789062,65.125
2.925072,2519.343948364258,64.75
2.33988,2502.9747467041016,64.375
7.57826,2477.185531616211,63.875
1.754688,2478.091323852539,63.5
1.742832,2491.3802947998047,63.125
2.32407,2550.0333862304688,62.75
2.33988,2624.7378540039062,62.5
1.754688,2522.5330657958984,62.125
2.32407,2482.4806213378906,61.75
2.32407,2483.885055541992,61.375
22.435809,3174.8231048583984,61.125
1.754688,2742.7920989990234,61.125
1.742832,2480.271453857422,60.75
2.88225,2483.834030151367,60.5
1.169496,2472.3111114501953,60.125
2.33988,2617.9005737304688,59.875
2.32407,2545.349380493164,59.5
2.88225,2524.1707458496094,59.25
1.754688,2634.0135192871094,59.0
2.32407,2496.710693359375,58.75
2.32407,2516.7305908203125,58.5
1.742832,2496.413055419922,58.25
2.905308,2610.0880279541016,58.0
1.742832,2559.198257446289,57.75
2.905308,2513.5628051757812,57.5
2.32407,2495.3758392333984,57.25
1.742832,2479.529800415039,57.125
2.32407,2472.484664916992,56.875
1.742832,2472.181182861328,56.625
2.32407,2555.229248046875,56.375
2.32407,2768.334197998047,56.25
2.32407,2482.0858306884766,56.0
2.32407,2479.47802734375,55.875
2.32407,2470.9896850585938,55.625
2.32407,2469.8641662597656,55.375
2.905308,2327.2120513916016,55.25
2.32407,2689.6581115722656,55.125
2.32407,2475.4178771972656,54.875
2.33988,2545.6565551757812,54.75
2.905308,2540.151596069336,54.5
1.742832,2579.5061798095703,54.375
2.32407,2503.2440032958984,54.25
1.754688,2280.0816802978516,54.125
2.32407,2484.8995513916016,54.0
4.066902,2792.8955688476562,53.75
2.32407,2586.861602783203,53.625
2.33988,2476.100814819336,53.5
2.33988,2513.543258666992,53.375
1.742832,2493.885452270508,53.25
15.020925,2789.4781799316406,53.125
1.169496,2519.533248901367,53.0
2.32407,2487.310256958008,52.875
2.32407,2469.843002319336,52.75
2.33988,2520.629653930664,52.625
18.7758,2833.0427017211914,52.5
2.33988,2541.813262939453,52.375
2.905308,2531.9444274902344,52.25
2.905308,2475.403076171875,52.125
1.754688,2508.580337524414,52.0
2.925072,2938.200927734375,52.0
7.01964,2680.112258911133,51.875
2.905308,2482.8800354003906,51.75
2.32407,2524.6397552490234,51.625
2.32407,2276.104537963867,51.5
5.229378,2856.5436401367188,51.5
2.32407,2741.424072265625,51.375
2.32407,2569.6348724365234,51.25
2.32407,2482.3675689697266,51.125
1.754688,2481.599166870117,51.0
1.667744,2933.959503173828,51.0
1.667744,2687.7267303466797,50.875
2.32407,2561.1433715820312,50.75
2.905308,2495.4715423583984,50.75
2.32407,2470.0486450195312,50.625
2.925072,2887.3914794921875,50.5
2.33988,2705.119110107422,50.5
0.0,2568.894760131836,50.375
1.742832,2350.062240600586,50.25
1.754688,2746.860336303711,50.25
2.33988,2776.78849029541,50.125
4.066902,2663.7094116210938,50.125
1.754688,2539.9086151123047,50.0
1.742832,2476.2643127441406,50.0
2.32407,2543.546859741211,49.875
2.33988,2907.5679931640625,49.75
1.754688,2708.0938568115234,49.75
2.905308,2490.7188262939453,49.625
2.905308,2616.2208709716797,49.625
2.905308,2480.3106536865234,49.5
2.925072,2782.2626342773438,49.5
2.33988,2690.397186279297,49.375
1.754688,2530.842987060547,49.375
2.33988,2125.455825805664,49.25
2.32407,2356.3344497680664,49.125
1.742832,2795.0538482666016,49.125
2.32407,2380.73184967041,49.125
2.925072,2282.2695541381836,49.0
2.905308,2359.5029907226562,49.0
2.32407,2337.563232421875,48.875
2.33988,2910.9808044433594,48.875
2.33988,2710.863739013672,48.75
2.33988,2510.300994873047,48.75
2.32407,2490.4214477539062,48.625
7.50975,2499.752944946289,48.625
1.754688,2958.5738525390625,48.625
1.754688,2469.397804260254,48.5
2.32407,1866.9288177490234,48.5
1.754688,2135.879898071289,48.375
0.971946,1744.9567947387695,48.375
2.33988,2971.3741149902344,48.25
7.54664,2672.1958770751953,48.25
1.742832,2469.5594482421875,48.25
2.32407,2215.8345794677734,48.125
1.742832,2102.944725036621,48.125
2.33988,2452.094306945801,48.125
3.509376,2204.568832397461,48.0
2.32407,2590.9414672851562,48.0
1.742832,2613.6856689453125,48.0
2.32407,2667.5089111328125,47.875
1.754688,2889.691619873047,47.875
1.754688,2449.439140319824,47.875
2.905308,2283.754005432129,47.75
1.655888,2249.484817504883,47.75
2.32407,2161.779769897461,47.625
1.754688,2496.07820892334,47.625
1.742832,2670.8927001953125,47.625
2.88225,2568.9681701660156,47.5
2.32407,2513.397186279297,47.5
2.33988,2387.4051818847656,47.5
0.5593,2654.86270904541,47.375
2.33988,2453.8574752807617,47.375
1.742832,2230.963706970215,47.375
1.742832,2036.6468887329102,47.25
2.32407,2606.675750732422,47.25
2.925072,3061.077682495117,47.25
2.305625,2586.198211669922,47.25
2.32407,2279.692695617676,47.125
1.742832,2275.770622253418,47.125
2.905308,2122.3586196899414,47.0
2.33988,3128.4462127685547,47.375
2.33988,2767.3065338134766,47.25
2.32407,2564.742431640625,47.25
2.32407,2616.8424530029297,47.125
2.32407,2432.3175659179688,47.125
2.33988,2978.0189361572266,47.125
2.925072,2616.535110473633,47.0
2.32407,2409.2904663085938,47.0
2.32407,2442.851837158203,47.0
2.905308,2427.868621826172,46.875
1.655888,2792.571792602539,46.875
1.655888,2842.2098693847656,46.875
1.742832,2420.733955383301,46.75
0.971946,2388.685371398926,46.75
0.971946,2319.2977600097656,46.625
1.754688,2852.6580657958984,46.625
2.905308,2743.964828491211,46.625
2.32407,2611.3754119873047,46.625
2.32407,2469.7389221191406,46.5
2.32407,2789.5384521484375,46.5
1.754688,2763.9307708740234,46.5
9.348372,2839.8628692626953,46.5
2.905308,2530.223159790039,46.375
1.742832,2683.5001373291016,46.375
7.50975,2485.749465942383,46.375
2.33988,2954.811065673828,46.375
1.754688,2825.288345336914,46.375
2.32407,2791.6324157714844,46.25
1.742832,2494.855697631836,46.25
1.742832,2525.416458129883,46.25
1.754688,2592.411880493164,46.25
1.655888,2480.59375,46.125
2.32407,2353.6487884521484,46.125
2.905308,2718.1705627441406,46.125
4.034625,2495.0653686523438,46.125
2.925072,2883.8895721435547,46.125
1.754688,2815.536849975586,46.0
1.655888,2521.480499267578,46.0
1.742832,2411.8684997558594,46.0
2.32407,2265.650230407715,45.875
1.169496,2732.0275650024414,45.875
10.326975,2306.1850509643555,46.0
2.305625,2380.9057540893555,46.0
0.580356,2571.0634765625,45.875
1.742832,2517.0294799804688,45.875
1.754688,2892.8956604003906,45.875
1.754688,2772.898666381836,45.875
2.32407,2716.6514739990234,45.75
2.905308,2653.744842529297,45.75
1.742832,2481.027603149414,45.75
1.754688,2753.603012084961,45.75
1.742832,2835.2725372314453,45.75
2.32407,2492.2896881103516,45.625
2.88225,2515.5577545166016,45.625
2.32407,2214.182502746582,45.625
1.754688,2998.2559356689453,45.625
1.742832,2737.0457153320312,45.625
1.742832,2707.2081298828125,45.5
2.32407,2544.588577270508,45.5
2.32407,2558.1115112304688,45.5
14.022558,3535.2022399902344,46.0
2.925072,2676.6527252197266,46.125
2.32407,2508.3023223876953,46.125
2.905308,2918.5341796875,46.75
1.742832,2541.703842163086,46.625
1.754688,2924.696548461914,46.625
2.33988,2812.524948120117,46.5
2.905308,2705.930648803711,46.375
1.742832,2497.9234466552734,46.375
2.32407,2532.625,46.25
1.742832,2807.0618743896484,46.25
1.742832,2642.2240600585938,46.125
1.742832,2591.2745513916016,46.125
2.32407,2556.830841064453,46.0
3.485664,2478.317657470703,46.0
2.33988,2773.3128509521484,45.875
2.32407,2766.958465576172,45.875
2.905308,2542.414993286133,45.875
1.161594,2829.729034423828,45.75
1.458288,2881.3257904052734,47.25
2.33988,3393.987350463867,48.5
2.33988,2320.647087097168,48.375
1.742832,2621.868850708008,48.25
